,Date,Away_Team,Away_Prob,Home_Team,Home_Prob,Home_Odds,Away_Odds,Home_Prob_Implied,Away_Prob_Implied,Home_Prob_Diff,Away_Prob_Diff,Home_Bet_Size,Away_Bet_Size,Home_Bet,Away_Bet,Potential_Payoff,Home_Prob_Adjusted,Away_Prob_Adjusted,Home_Prob_Combined,Away_Prob_Combined,Home_Prob_Diff_Combined,Away_Prob_Diff_Combined,Home_Bet_Size_Combined,Away_Bet_Size_Combined,Home_Bet_Combined,Away_Bet_Combined,Potential_Payoff_Combined,Won_Bet_538,Won_Bet_Combined,Capital_538,Capital_Combined
0,2022-02-27,Philadelphia 76ers,0.62,New York Knicks,0.38,270.0,-335.0,0.2702702702702703,0.7701149425287356,0.10972972972972972,-0.15011494252873558,0.015037037037037038,0.0,1503.7037037037037,0.0,4060.0000000000014,0.3379776581214373,0.6620223418785627,0.35898882906071866,0.6410111709392814,0.08871855879044838,-0.1291037715894542,0.012157728426839223,0.0,1215.7728426839224,0.0,3282.5866752465904,0,0,98496.29629629626,98784.22715731607
1,2022-02-27,Utah Jazz,0.38,Phoenix Suns,0.62,122.0,-144.0,0.4504504504504505,0.5901639344262295,0.16954954954954954,-0.2101639344262295,0.030852459016393437,0.0,3085.245901639344,0.0,3764.0,0.5663961973410444,0.4336038026589556,0.5931980986705222,0.4068019013294778,0.14274764822007174,-0.1833620330967517,0.02597539172529174,0.0,2597.539172529174,0.0,3168.997790485592,0,0,95411.05039465695,96186.68798478693
2,2022-02-27,Boston Celtics,0.7,Indiana Pacers,0.3,350.0,-450.0,0.2222222222222222,0.8181818181818182,0.07777777777777778,-0.11818181818181828,0.010000000000000002,0.0,1000.0000000000003,0.0,3500.0000000000014,0.2417224831768173,0.7582775168231827,0.27086124158840863,0.7291387584115914,0.04863901936618642,-0.08904305977022686,0.006253588204223967,0.0,625.3588204223968,0.0,2188.755871478388,1,1,98911.05039465695,98375.44385626534
3,2022-02-27,Detroit Pistons,0.12,Charlotte Hornets,0.88,-490.0,380.0,0.8305084745762712,0.2083333333333333,0.04949152542372881,-0.08833333333333337,0.029200000000000014,0.0,2920.0000000000014,0.0,595.918367346939,0.9830876851153152,0.016912314884684698,0.9315438425576577,0.06845615744234235,0.10103536798138646,-0.13987717589099102,0.059610867109018015,0.0,5961.086710901801,0.0,1216.5483083473066,0,0,95991.05039465695,92414.35714536351
4,2022-02-27,Los Angeles Clippers,0.57,Houston Rockets,0.43,225.0,-275.0,0.3076923076923077,0.7333333333333333,0.12230769230769227,-0.16333333333333333,0.017666666666666664,0.0,1766.6666666666665,0.0,3974.9999999999986,0.2677133892116668,0.7322866107883332,0.3488566946058334,0.6511433053941666,0.0411643869135257,-0.08219002793916662,0.005945966998620378,0.0,594.5966998620378,0.0,1337.842574689585,0,0,94224.38372799028,91819.76044550148
5,2022-02-27,Dallas Mavericks,0.36,Golden State Warriors,0.64,-146.0,124.0,0.5934959349593496,0.44642857142857145,0.04650406504065041,-0.08642857142857148,0.01144,0.0,1143.9999999999998,0.0,783.5616438356163,0.6933746546980971,0.3066253453019029,0.6666873273490486,0.33331267265095144,0.07319139238969896,-0.11311589877762004,0.01800508252786594,0.0,1800.5082527865939,0.0,1233.2248306757494,0,0,93080.38372799028,90019.25219271488
6,2022-02-27,Denver Nuggets,0.68,Portland Trailblazers,0.32,275.0,-340.0,0.26666666666666666,0.7727272727272727,0.053333333333333344,-0.09272727272727266,0.007272727272727275,0.0,727.2727272727275,0.0,2000.0000000000007,0.2360399000951292,0.7639600999048708,0.27801995004756463,0.7219800499524354,0.011353283380897972,-0.050747222774837335,0.0015481750064860866,0.0,154.8175006486086,0.0,425.7481267836738,0,0,92353.11100071756,89864.43469206626
7,2022-02-27,New Orleans Pelicans,0.42,Los Angeles Lakers,0.58,-116.0,-102.0,0.5370370370370371,0.504950495049505,0.04296296296296287,-0.08495049504950497,0.009279999999999991,0.0,927.999999999999,0.0,799.9999999999991,0.5954644988986587,0.4045355011013413,0.5877322494493293,0.41226775055067066,0.05069521241229225,-0.09268274449883428,0.010950165881055131,0.0,1095.0165881055134,0.0,943.9798173323387,0,0,91425.11100071756,88769.41810396074
8,2022-02-28,Indiana Pacers,0.5,Orlando Magic,0.5,-116.0,-102.0,0.5370370370370371,0.504950495049505,-0.03703703703703709,-0.004950495049504955,0.0,0.0,0.0,0.0,0.0,0.4657988807771631,0.5342011192228369,0.4828994403885816,0.5171005596114184,-0.05413759664845552,0.012150064561913476,0.0,0.002454313041506523,0.0,217.867940539496,213.5960201367608,-1,0,91425.11100071756,88551.55016342123
9,2022-02-28,Indiana Pacers,0.57,Orlando Magic,0.43,-116.0,-102.0,0.5370370370370371,0.504950495049505,-0.1070370370370371,0.065049504950495,0.0,0.013139999999999985,0.0,1201.3259585494275,1177.7705475974776,0.4657988807771631,0.5342011192228369,0.4478994403885816,0.5521005596114184,-0.08913759664845555,0.0471500645619134,0.0,0.009524313041506504,0.0,845.4677265344968,828.8899279749968,0,0,90223.78504216817,87706.08243688675
10,2022-02-28,Minnesota Timberwolves,0.5,Cleveland Cavaliers,0.5,140.0,-166.0,0.4166666666666667,0.6240601503759399,0.08333333333333326,-0.12406015037593987,0.014285714285714282,0.0,1306.0730142959649,0.0,1828.502220014351,0.6352511542881756,0.3647488457118244,0.5676255771440878,0.4323744228559122,0.15095891047742105,-0.1916857275200277,0.025878670367557904,0.0,2297.234509832327,0.0,3216.1283137652567,0,0,88917.71202787217,85408.84792705442
11,2022-02-28,Chicago Bulls,0.2,Miami Heat,0.8,-184.0,154.0,0.6478873239436621,0.3937007874015748,0.15211267605633794,-0.1937007874015748,0.04320000000000001,0.0,3949.5647952309996,0.0,2146.5026061038047,0.6849417425505153,0.3150582574494847,0.7424708712752577,0.2575291287247423,0.09458354733159556,-0.1361716586768325,0.026861727442173185,0.0,2384.4999143089067,0.0,1295.923866472232,1,1,91064.21463397598,86704.77179352666
12,2022-02-28,Toronto Raptors,0.54,Brooklyn Nets,0.46,140.0,-166.0,0.4166666666666667,0.6240601503759399,0.04333333333333328,-0.08406015037593982,0.007428571428571427,0.0,679.1579674339017,0.0,950.8211544074624,0.3795039807586896,0.6204960192413104,0.4197519903793448,0.5802480096206553,0.003085323712678057,-0.04381214075528461,0.0005289126364591001,0.0,46.95126696630605,0.0,65.73177375282846,0,0,90385.05666654208,86657.82052656035
13,2022-02-28,Charlotte Hornets,0.2,Milwaukee Bucks,0.8,-550.0,410.0,0.8461538461538461,0.19607843137254904,-0.0461538461538461,0.003921568627450967,0.0,0.0004878048780487782,0.0,44.597615122301036,182.85022200143428,0.7134148004831488,0.28658519951685124,0.7567074002415743,0.24329259975842565,-0.0894464459122718,0.04721416838587658,0.0,0.0058729819211700155,0.0,521.3411876773437,2137.4988694771087,0,0,90340.45905141976,86136.479338883
14,2022-02-28,San Antonio Spurs,0.15,Memphis Grizzlies,0.85,-390.0,310.0,0.7959183673469387,0.24390243902439024,0.05408163265306132,-0.09390243902439024,0.026499999999999985,0.0,2422.765441519014,0.0,621.2219080817985,0.7132587136019524,0.28674128639804763,0.7816293568009762,0.21837064319902386,-0.014289010545962431,-0.02553179582536641,0.0,0.0,0.0,0.0,0.0,1,-1,90961.68095950158,86136.479338883
15,2022-02-28,Sacramento Kings,0.58,Oklahoma City Thunder,0.42,180.0,-215.0,0.35714285714285715,0.6825396825396826,0.06285714285714282,-0.1025396825396826,0.009777777777777774,0.0,893.9344186736824,0.0,1609.0819536126285,0.3663470979573495,0.6336529020426505,0.3931735489786747,0.6068264510213253,0.036030691835817585,-0.0757132315183573,0.005604774285571625,0.0,497.53255193423536,0.0,895.5585934816237,0,0,90067.7465408279,85638.94678694879
16,2022-03-01,Detroit Pistons,0.29,Washington Wizards,0.71,-158.0,134.0,0.6124031007751938,0.4273504273504273,0.0975968992248062,-0.13735042735042735,0.02517999999999999,0.0,2267.9058578980453,0.0,1435.3834543658515,0.6324962942461304,0.3675037057538696,0.6712481471230651,0.3287518528769348,0.05884504634787136,-0.09859857447349256,0.01518202195775081,0.0,1300.1723705581094,0.0,822.8939054165253,1,1,91503.12999519373,86461.84069236531
17,2022-03-01,Atlanta Hawks,0.23,Boston Celtics,0.77,-245.0,200.0,0.7101449275362319,0.3333333333333333,0.05985507246376809,-0.10333333333333324,0.02065,0.0,1859.8989660680961,0.0,759.142435129835,0.788876951589138,0.21112304841086205,0.7794384757945689,0.22056152420543104,0.069293548258337,-0.11277180912790224,0.023906274149126286,0.0,2047.3081397312353,0.0,835.6359754005043,1,1,92262.27243032356,87297.47666776582
18,2022-03-01,Brooklyn Nets,0.26,Toronto Raptors,0.74,-335.0,270.0,0.7701149425287356,0.2702702702702703,-0.03011494252873559,-0.010270270270270276,0.0,0.0,0.0,0.0,0.0,0.8182949631915586,0.1817050368084414,0.7791474815957793,0.2208525184042207,0.00903253906704371,-0.049417751866049575,0.003929154494163986,0.0,336.4886526434103,0.0,100.44437392340606,-1,1,92262.27243032356,87397.92104168923
19,2022-03-01,Golden State Warriors,0.47,Minnesota Timberwolves,0.53,102.0,-120.0,0.4950495049504951,0.5454545454545454,0.03495049504950498,-0.07545454545454544,0.0069215686274509925,0.0,623.4100888022018,0.0,635.8782905782458,0.4135144009358699,0.58648559906413,0.47175720046793496,0.528242799532065,-0.02329230448256004,-0.017211745922480426,0.0,0.0,0.0,0.0,0.0,1,-1,92898.15072090182,87397.92104168923
20,2022-03-01,Los Angeles Clippers,0.58,Houston Rockets,0.42,220.0,-270.0,0.3125,0.7297297297297297,0.10749999999999996,-0.14972972972972975,0.01563636363636364,0.0,1408.3320368202178,0.0,3098.33048100448,0.2779310636850985,0.7220689363149015,0.34896553184254925,0.6510344681574507,0.03646553184254925,-0.07869526157227902,0.005304077358916258,0.0,454.2355986940893,0.0,999.3183171269964,0,0,91489.8186840816,86943.68544299512
21,2022-03-01,Dallas Mavericks,0.6,Los Angeles Lakers,0.4,180.0,-215.0,0.35714285714285715,0.6825396825396826,0.04285714285714287,-0.08253968253968258,0.006666666666666672,0.0,600.4516436055197,0.0,1080.8129584899357,0.4223234912460039,0.5776765087539961,0.411161745623002,0.5888382543769981,0.0540188884801448,-0.09370142816268444,0.00840293820802252,0.0,719.6187780508592,0.0,1295.3138004915468,0,0,90889.36704047608,86224.06666494427
22,2022-03-02,Charlotte Hornets,0.41,Cleveland Cavaliers,0.59,-174.0,146.0,0.635036496350365,0.4065040650406504,-0.045036496350365,0.003495934959349578,0.0,0.0005890410958903995,0.0,53.53757236630677,78.16485565480787,0.6077217117970412,0.3922782882029589,0.5988608558985206,0.4011391441014793,-0.0361756404518444,-0.005364920939170959,0.0,0.0,0.0,0.0,0.0,1,-1,90967.53189613088,86224.06666494427
23,2022-03-02,Indiana Pacers,0.48,Orlando Magic,0.52,-102.0,-116.0,0.504950495049505,0.5370370370370371,0.015049504950495063,-0.05703703703703712,0.0030399999999999984,0.0,276.30367580304716,0.0,270.8859566696541,0.4360782939725825,0.5639217060274175,0.4780391469862912,0.5219608530137088,-0.026911348063213717,-0.015076184023328332,0.0,0.0,0.0,0.0,0.0,0,-1,90691.22822032783,86224.06666494427
24,2022-03-02,New York Knicks,0.15,Philadelphia 76ers,0.85,-560.0,420.0,0.8484848484848484,0.19230769230769235,0.0015151515151515804,-0.04230769230769235,0.0009999999999999812,0.0,90.88936704047434,0.0,16.230244114370418,0.8537908755632175,0.14620912443678247,0.8518954377816088,0.14810456221839124,0.003410589296760413,-0.0442031300893011,0.0022509889358618106,0.0,194.08942006780072,0.0,34.658825012107265,1,1,90707.45846444221,86258.72548995637
25,2022-03-02,Miami Heat,0.37,Milwaukee Bucks,0.63,-196.0,164.0,0.6621621621621621,0.3787878787878787,-0.032162162162162056,-0.008787878787878733,0.0,0.0,0.0,0.0,0.0,0.6109489979673638,0.3890510020326362,0.6204744989836819,0.3795255010163181,-0.04168766317848016,0.0007376222284393719,0.0,0.00011873918799266666,0.0,10.238175661221039,16.790608084402507,-1,0,90707.45846444221,86248.48731429517
26,2022-03-02,Sacramento Kings,0.33,New Orleans Pelicans,0.67,-230.0,190.0,0.696969696969697,0.3448275862068966,-0.026969696969696973,-0.01482758620689656,0.0,0.0,0.0,0.0,0.0,0.6356757829710367,0.36432421702896334,0.6528378914855184,0.3471621085144817,-0.04413180548417861,0.0023345223075851296,0.0,0.0003563218258945765,0.0,30.72351687010863,58.3746820532064,-1,0,90707.45846444221,86217.76379742505
27,2022-03-02,Utah Jazz,0.83,Houston Rockets,0.17,730.0,-1150.0,0.12048192771084335,0.92,0.04951807228915664,-0.09000000000000008,0.005630136986301372,0.0,511.71958703610517,0.0,3735.552985363568,0.10534308427790932,0.8946569157220907,0.13767154213895466,0.8623284578610453,0.017189614428111292,-0.057671542138954764,0.0019544356130592275,0.0,168.5193865927601,0.0,1230.1915221271483,0,0,90195.7388774061,86049.24441083231
28,2022-03-02,Oklahoma City Thunder,0.07,Denver Nuggets,0.93,-1200.0,750.0,0.923076923076923,0.1176470588235294,0.006923076923077032,-0.04764705882352939,0.009000000000000058,0.0,818.00430336429,0.0,68.16702528035749,0.9935973389175148,0.006402661082485217,0.9617986694587576,0.03820133054124261,0.03872174638183445,-0.07944572828228677,0.05033827029638471,0.0,4340.37037383346,0.0,361.6975311527883,0,0,89377.73457404181,81708.87403699884
29,2022-03-02,Portland Trailblazers,0.07,Phoenix Suns,0.93,-950.0,640.0,0.9047619047619048,0.13513513513513514,0.02523809523809528,-0.06513513513513514,0.02650000000000004,0.0,2408.56822657262,0.0,253.53349753396,1.0132435381128262,-0.013243538112826192,0.9716217690564132,0.028378230943586907,0.0668598642945083,-0.10675690419154824,0.07020285750923372,0.0,6053.175865945752,0.0,637.1764069416581,1,1,89631.26807157577,82346.05044394049
30,2022-03-03,Chicago Bulls,0.25,Atlanta Hawks,0.75,-112.0,-104.0,0.5283018867924528,0.5098039215686274,0.2216981132075472,-0.2598039215686274,0.047,0.0,4212.6695993640615,0.0,3761.312142289341,0.5669302656036119,0.4330697343963881,0.6584651328018061,0.34153486719819404,0.13016324600935314,-0.16826905437043338,0.027594608153982868,0.0,2272.306995028645,0.0,2028.845531275576,1,1,93392.58021386512,84374.89597521606
31,2022-03-03,Detroit Pistons,0.12,Toronto Raptors,0.88,-375.0,300.0,0.7894736842105263,0.25,0.09052631578947368,-0.13,0.043,0.0,3854.144527077758,0.0,1027.771873887402,0.9181117788195416,0.08188822118045846,0.8990558894097709,0.10094411059022924,0.10958220519924457,-0.14905588940977074,0.05205154746964117,0.0,4286.2393536202335,0.0,1142.9971609653958,0,0,89538.43568678736,80088.65662159582
32,2022-03-03,Memphis Grizzlies,0.31,Boston Celtics,0.69,-130.0,110.0,0.5652173913043478,0.4761904761904761,0.12478260869565215,-0.1661904761904761,0.028699999999999993,0.0,2572.4173936542247,0.0,1978.7826105032493,0.5702995610355501,0.42970043896444987,0.630149780517775,0.36985021948222496,0.06493238921342727,-0.10634025670825116,0.014934449519088263,0.0,1229.792933451325,0.0,945.994564193327,1,1,91517.2182972906,81034.65118578916
33,2022-03-03,Miami Heat,0.59,Brooklyn Nets,0.41,118.0,-138.0,0.4587155963302753,0.5798319327731093,-0.04871559633027528,0.010168067226890676,0.0,0.002419999999999989,0.0,216.90766873321243,157.17947009653074,0.33175477030596146,0.6682452296940385,0.3708773851529808,0.6291226148470193,-0.08783821117729451,0.04929068207390997,0.0,0.011731182333590582,0.0,966.0165322089135,700.0119798615317,1,1,91674.39776738713,81734.66316565071
34,2022-03-03,Golden State Warriors,0.36,Dallas Mavericks,0.65,-130.0,110.0,0.5652173913043478,0.4761904761904761,0.08478260869565224,-0.11619047619047612,0.0195,0.0,1747.8097273957276,0.0,1344.4690210736367,0.4803136873517557,0.5196863126482443,0.5651568436758778,0.4398431563241221,-6.0547628469964636e-05,-0.036347319866353985,0.0,0.0,0.0,0.0,0.0,1,-1,93018.86678846076,81734.66316565071
35,2022-03-03,Sacramento Kings,0.28,San Antonio Spurs,0.72,-295.0,240.0,0.7468354430379747,0.29411764705882354,-0.02683544303797469,-0.014117647058823513,0.0,0.0,0.0,0.0,0.0,0.7764403814204229,0.22355961857957707,0.7482201907102115,0.2517798092897885,0.0013847476722368413,-0.042337837769034985,0.0005469753305335348,0.0,45.04125815970548,0.0,15.268223104984909,-1,0,93018.86678846076,81689.62190749099
36,2022-03-03,Los Angeles Lakers,0.3,Los Angeles Clippers,0.7,-136.0,118.0,0.576271186440678,0.4587155963302753,0.12372881355932196,-0.15871559633027527,0.0292,0.0,2617.2330276900125,0.0,1924.436049772068,0.5796964792783,0.4203035207217,0.63984823963915,0.36015176036084995,0.06357705319847208,-0.09856383596942524,0.015004184554839413,0.0,1235.5353382229996,0.0,908.4818663404403,1,1,94943.30283823283,82598.10377383142
37,2022-03-04,Atlanta Hawks,0.57,Washington Wizards,0.43,152.0,-180.0,0.3968253968253969,0.6428571428571429,0.033174603174603134,-0.07285714285714295,0.005499999999999993,0.0,522.18816561028,0.0,793.7260117276254,0.3453762700281666,0.6546237299718334,0.3876881350140833,0.6123118649859167,-0.00913726181131358,-0.03054527787122618,0.0,0.0,0.0,0.0,0.0,0,-1,94421.11467262256,82598.10377383142
38,2022-03-04,Cleveland Cavaliers,0.18,Philadelphia 76ers,0.82,-300.0,245.0,0.75,0.2898550724637681,0.06999999999999995,-0.10985507246376812,0.02799999999999998,0.0,2658.4124794705176,0.0,886.1374931568391,0.6082171701482918,0.3917828298517082,0.7141085850741459,0.2858914149258541,-0.035891414925854126,-0.003963657537914,0.0,0.0,0.0,0.0,0.0,1,-1,95307.2521657794,82598.10377383142
39,2022-03-04,Indiana Pacers,0.55,Detroit Pistons,0.45,130.0,-154.0,0.43478260869565216,0.6062992125984252,0.01521739130434785,-0.056299212598425186,0.0026923076923076944,0.0,255.6165845644732,0.0,332.3015599338152,0.4083229296499662,0.5916770703500338,0.4291614648249831,0.5708385351750169,-0.005621143870669088,-0.035460677423408304,0.0,0.0,0.0,0.0,0.0,1,-1,95639.55372571321,82598.10377383142
40,2022-03-04,Milwaukee Bucks,0.59,Chicago Bulls,0.41,162.0,-194.0,0.3816793893129771,0.6598639455782311,0.02832061068702285,-0.06986394557823118,0.004580246913580242,0.0,434.8637697899302,0.0,704.4793070596869,0.4230451491630939,0.576954850836906,0.41652257458154696,0.5834774254184529,0.03484318526856983,-0.0763865201597782,0.005635132432324263,0.0,465.45125342440247,0.0,754.0310305475322,0,0,95204.68995592328,82132.65252040702
41,2022-03-04,Orlando Magic,0.16,Toronto Raptors,0.84,-375.0,300.0,0.7894736842105263,0.25,0.050526315789473634,-0.09,0.02399999999999998,0.0,2278.639268117586,0.0,607.6371381646896,0.8174578818985542,0.18254211810144585,0.8287289409492771,0.17127105905072293,0.039255256738750736,-0.07872894094927707,0.01864624695090661,0.0,1540.1446406434713,0.0,410.7052375049258,0,0,92926.05068780568,80592.50787976355
42,2022-03-04,Minnesota Timberwolves,0.73,Oklahoma City Thunder,0.27,330.0,-420.0,0.2325581395348837,0.8076923076923077,0.0374418604651163,-0.07769230769230773,0.00487878787878788,0.0,463.2082350592573,0.0,1528.587175695549,0.23436484541709016,0.7656351545829099,0.2521824227085451,0.7478175772914549,0.019624283173661355,-0.059874730400852776,0.0025571035650528416,0.0,211.21190562666888,0.0,696.9992885680072,0,0,92462.84245274645,80381.29597413687
43,2022-03-04,Utah Jazz,0.58,New Orleans Pelicans,0.42,142.0,-168.0,0.4132231404958678,0.6268656716417911,0.0067768595041322035,-0.04686567164179112,0.0011549295774647788,0.0,109.65282863007076,0.0,155.70701665470048,0.3059104855441549,0.6940895144558451,0.3629552427720775,0.6370447572279225,-0.05026789772379031,0.010179085586131452,0.0,0.002727994937083241,0.0,225.3272089076883,134.12333863552874,1,0,92618.54946940113,80155.96876522919
44,2022-03-04,Houston Rockets,0.1,Denver Nuggets,0.9,-1200.0,750.0,0.923076923076923,0.1176470588235294,-0.023076923076922995,-0.01764705882352939,0.0,0.0,0.0,0.0,0.0,1.0253844818401825,-0.025384481840182268,0.9626922409200912,0.03730775907990887,0.039615317843168296,-0.08033929974362053,0.05149991319611871,0.0,4253.795174516324,0.0,354.4829312096936,-1,1,92618.54946940113,80510.45169643889
45,2022-03-04,New York Knicks,0.18,Phoenix Suns,0.82,-270.0,220.0,0.7297297297297297,0.3125,0.09027027027027024,-0.1325,0.03339999999999997,0.0,3171.106314796974,0.0,1174.4838202951755,0.9033670763538546,0.0966329236461454,0.8616835381769272,0.1383164618230727,0.1319538084471975,-0.1741835381769273,0.04882290912546307,0.0,4032.6797144853385,0.0,1493.5850794390146,1,1,93793.03328969632,82004.0367758779
46,2022-03-05,Sacramento Kings,0.21,Dallas Mavericks,0.79,-320.0,260.0,0.7619047619047619,0.2777777777777778,0.028095238095238173,-0.0677777777777778,0.011800000000000015,0.0,1106.757792818418,0.0,345.86181025575564,0.7811631101244625,0.2188368898755375,0.7855815550622313,0.21441844493776874,0.0236767931574694,-0.06335933284000905,0.009944253126137132,0.0,815.4688990643883,0.0,254.8340309576213,1,1,94138.89509995207,82258.87080683553
47,2022-03-05,San Antonio Spurs,0.29,Charlotte Hornets,0.71,-168.0,142.0,0.6268656716417911,0.4132231404958678,0.08313432835820889,-0.1232231404958678,0.02228,0.0,2089.7087816944336,0.0,1243.8742748181153,0.6238647888676376,0.3761352111323624,0.6669323944338188,0.3330676055661812,0.04006672279202772,-0.08015553492968658,0.01073788170826344,0.0,880.5496464994618,0.0,524.1366943449177,1,1,95382.7693747702,82783.00750118044
48,2022-03-05,Orlando Magic,0.08,Memphis Grizzlies,0.92,-1800.0,980.0,0.9473684210526316,0.0925925925925926,-0.027368421052631486,-0.0125925925925926,0.0,0.0,0.0,0.0,0.0,1.078110711249738,-0.0781107112497379,0.9990553556248688,0.0009446443751310523,0.05168693457223738,-0.09164794821746156,0.09820517568725093,0.0,8053.220838638876,0.0,447.40115770215965,-1,1,95382.7693747702,83230.4086588826
49,2022-03-05,Philadelphia 76ers,0.36,Miami Heat,0.64,-124.0,104.0,0.5535714285714286,0.4901960784313725,0.08642857142857141,-0.13019607843137254,0.01936,0.0,1815.8331244885208,0.0,1464.3815520068717,0.6063896108589154,0.3936103891410846,0.6231948054294577,0.3768051945705423,0.0696233768580291,-0.11339088386083025,0.015595636416198528,0.0,1278.9051422171647,0.0,1031.3751146912618,1,1,96847.15092677707,84261.78377357387
50,2022-03-05,Portland Trailblazers,0.04,Minnesota Timberwolves,0.96,-1000.0,660.0,0.9090909090909092,0.13157894736842105,0.0509090909090909,-0.09157894736842104,0.05599999999999996,0.0,5252.40986422299,0.0,525.240986422299,0.9215215347349348,0.07847846526506519,0.9407607673674674,0.0592392326325326,0.031669858276558334,-0.07233971473588845,0.03483684410421413,0.0,2856.761845077501,0.0,285.6761845077501,1,1,97372.39191319936,84547.45995808161
51,2022-03-05,Golden State Warriors,0.57,Los Angeles Lakers,0.43,200.0,-245.0,0.3333333333333333,0.7101449275362319,0.09666666666666672,-0.14014492753623198,0.014499999999999997,0.0,1359.9989827005966,0.0,2719.997965401193,0.36612583619920014,0.6338741638007999,0.3980629180996,0.6019370819004,0.06472958476626678,-0.10820784563583197,0.009709437714940006,0.0,796.2130874490363,0.0,1592.4261748980725,1,1,100092.38987860056,86139.88613297972
52,2022-03-06,Brooklyn Nets,0.21,Boston Celtics,0.79,-200.0,168.0,0.6666666666666665,0.373134328358209,0.12333333333333353,-0.163134328358209,0.03700000000000001,0.0,3703.418425508222,0.0,1851.709212754111,0.8714243805212198,0.12857561947878016,0.8307121902606099,0.16928780973939006,0.16404552359394342,-0.20384651861881886,0.04921365707818298,0.0,4239.258816902195,0.0,2119.6294084510973,1,1,101944.09909135467,88259.51554143082
53,2022-03-06,Phoenix Suns,0.39,Milwaukee Bucks,0.61,-420.0,330.0,0.8076923076923077,0.2325581395348837,-0.19769230769230767,0.1574418604651163,0.0,0.020515151515151514,0.0,2053.4105438731085,6776.254794781257,0.5670646808009376,0.4329353191990624,0.5885323404004688,0.4114676595995312,-0.21915996729183893,0.17890952006464753,0.0,0.023312452614484367,0.0,2008.1320136921688,6626.835645184156,0,0,99890.68854748156,86251.38352773865
54,2022-03-06,Indiana Pacers,0.44,Washington Wizards,0.56,-136.0,116.0,0.576271186440678,0.46296296296296297,-0.01627118644067793,-0.022962962962962963,0.0,0.0,0.0,0.0,0.0,0.5099762111780171,0.4900237888219829,0.5349881055890086,0.4650118944109914,-0.04128308085166943,0.00204893144802848,0.0,0.00038152516618460765,0.0,32.864534372008265,38.12285987152959,-1,0,99890.68854748156,86218.51899336664
55,2022-03-06,Memphis Grizzlies,0.74,Houston Rockets,0.26,440.0,-590.0,0.1851851851851852,0.855072463768116,0.0748148148148148,-0.11507246376811595,0.009181818181818185,0.0,919.030125248969,0.0,4043.732551095464,0.1255242449502829,0.8744757550497171,0.19276212247514146,0.8072378775248585,0.007576937289956259,-0.04783458624325743,0.000929896849221908,0.0,80.10120870739178,0.0,352.4453183125238,1,1,103934.42109857703,86570.96431167918
56,2022-03-06,Utah Jazz,0.91,Oklahoma City Thunder,0.09,700.0,-1100.0,0.125,0.9166666666666664,-0.035,-0.006666666666666488,0.0,0.0,0.0,0.0,0.0,0.15497389468829553,0.8450261053117045,0.12248694734414775,0.8775130526558523,-0.0025130526558522354,-0.03915361401081418,0.0,0.0,0.0,0.0,0.0,-1,-1,103934.42109857703,86570.96431167918
57,2022-03-06,Toronto Raptors,0.44,Cleveland Cavaliers,0.56,-196.0,148.0,0.6621621621621621,0.4032258064516129,-0.102162162162162,0.03677419354838712,0.0,0.006162162162162159,0.0,616.785537630295,912.8425956928368,0.7091426413365474,0.29085735866345264,0.6345713206682737,0.3654286793317263,-0.02759084149388835,-0.03779712711988659,0.0,0.0,0.0,0.0,0.0,0,-1,103317.63556094674,86570.96431167918
58,2022-03-06,New Orleans Pelicans,0.27,Denver Nuggets,0.73,-162.0,136.0,0.6183206106870229,0.423728813559322,0.11167938931297704,-0.153728813559322,0.029259999999999987,0.0,2928.703327847852,0.0,1807.8415603999085,0.7668589024630171,0.2331410975369829,0.7484294512315086,0.2515705487684915,0.13010884054448568,-0.17215826479083052,0.03408851622265525,0.0,2936.3809058617558,0.0,1812.5808060875033,1,1,105125.47712134664,88383.54511776668
59,2022-03-06,New York Knicks,0.33,Los Angeles Clippers,0.67,-215.0,180.0,0.6825396825396826,0.35714285714285715,-0.012539682539682516,-0.02714285714285713,0.0,0.0,0.0,0.0,0.0,0.6805221155529547,0.3194778844470453,0.6752610577764774,0.3247389422235226,-0.007278624763205176,-0.03240391491933453,0.0,0.0,0.0,0.0,0.0,-1,-1,105125.47712134664,88383.54511776668
60,2022-03-07,Atlanta Hawks,0.71,Detroit Pistons,0.29,250.0,-310.0,0.2857142857142857,0.7560975609756098,0.0042857142857142825,-0.0460975609756098,0.0006000000000000005,0.0,63.075286272808036,0.0,157.6882156820201,0.27121519173292497,0.7287848082670749,0.28060759586646244,0.7193924041335374,-0.005106689847823254,-0.03670515684207232,0.0,0.0,0.0,0.0,0.0,1,-1,105283.16533702867,88383.54511776668
61,2022-03-07,Chicago Bulls,0.23,Philadelphia 76ers,0.77,-300.0,245.0,0.75,0.2898550724637681,0.02000000000000001,-0.05985507246376812,0.008000000000000002,0.0,841.0038169707733,0.0,280.33460565692445,0.6888747486473322,0.3111252513526678,0.7294373743236662,0.2705626256763339,-0.020562625676333823,-0.019292446787434248,0.0,0.0,0.0,0.0,0.0,1,-1,105563.49994268561,88383.54511776668
62,2022-03-07,Houston Rockets,0.07,Miami Heat,0.93,-1600.0,900.0,0.9411764705882352,0.1,-0.01117647058823512,-0.03,0.0,0.0,0.0,0.0,0.0,1.0994604491684652,-0.0994604491684652,1.014730224584233,-0.0147302245842326,0.0735537539959975,-0.1147302245842326,0.12504138179319554,0.0,11051.600609306786,0.0,690.7250380816741,-1,1,105563.49994268561,89074.27015584835
63,2022-03-07,Portland Trailblazers,0.08,Minnesota Timberwolves,0.92,-1500.0,870.0,0.9375,0.10309278350515463,-0.01749999999999996,-0.023092783505154632,0.0,0.0,0.0,0.0,0.0,0.949281113630532,0.050718886369468086,0.934640556815266,0.06535944318473405,-0.0028594431847339674,-0.03773334032042058,0.0,0.0,0.0,0.0,0.0,-1,-1,105563.49994268561,89074.27015584835
64,2022-03-07,Los Angeles Lakers,0.31,San Antonio Spurs,0.69,-142.0,120.0,0.5867768595041323,0.4545454545454545,0.10322314049586767,-0.14454545454545453,0.02497999999999998,0.0,2626.034418491237,0.0,1849.3200130219986,0.682429083005175,0.317570916994825,0.6862145415025875,0.3137854584974125,0.09943768199845526,-0.14075999604804207,0.024063919043626186,0.0,2126.8544745026197,0.0,1497.784841199028,1,1,107412.8199557076,90572.05499704738
65,2022-03-07,Utah Jazz,0.39,Dallas Mavericks,0.61,-116.0,-102.0,0.5370370370370371,0.504950495049505,0.0729629629629629,-0.11495049504950496,0.01576,0.0,1656.777519432423,0.0,1428.2564822693305,0.4861953998898488,0.5138046001101513,0.5480976999449244,0.4519023000550757,0.01106066290788732,-0.05304819499442931,0.0023891031881036703,0.0,211.15740941676097,0.0,182.0322494972077,1,1,108841.07643797694,90754.08724654463
66,2022-03-07,Golden State Warriors,0.16,Denver Nuggets,0.84,-335.0,270.0,0.7701149425287356,0.2702702702702703,0.06988505747126439,-0.11027027027027027,0.030399999999999983,0.0,3195.8145044889366,0.0,953.9744789519217,0.7166842384025859,0.2833157615974141,0.7783421192012929,0.22165788079870707,0.008227176672557346,-0.04861238947156321,0.003578821852562415,0.0,316.30896267439965,0.0,94.42058587295507,1,1,109795.05091692883,90848.50783241754
67,2022-03-07,New York Knicks,0.33,Sacramento Kings,0.67,-164.0,138.0,0.6212121212121212,0.4201680672268908,0.04878787878787882,-0.09016806722689076,0.012880000000000013,0.0,1354.016145322946,0.0,825.6196008066742,0.6824610237297274,0.3175389762702726,0.6762305118648637,0.3237694881351363,0.0550183906527425,-0.09639857909175448,0.01452485513232402,0.0,1283.758188916785,0.0,782.7793834858446,0,0,108441.03477160587,89564.74964350075
68,2022-03-08,Brooklyn Nets,0.4,Charlotte Hornets,0.61,134.0,-158.0,0.4273504273504273,0.6124031007751938,0.18264957264957266,-0.21240310077519373,0.0318955223880597,0.0,3458.7834523421147,0.0,4634.769826138435,0.7365234352409669,0.26347656475903314,0.6732617176204834,0.3317382823795166,0.24591129027005604,-0.2806648183956772,0.042942717853129184,0.0,3846.153773527005,0.0,5153.846056526188,0,0,104982.25131926377,85718.59586997374
69,2022-03-08,Cleveland Cavaliers,0.44,Indiana Pacers,0.56,126.0,-148.0,0.4424778761061947,0.5967741935483871,0.11752212389380536,-0.15677419354838712,0.02107936507936509,0.0,2285.868161534805,0.0,2880.1938835338538,0.33027180697108743,0.6697281930289125,0.44513590348554377,0.5548640965144562,0.0026580273793490594,-0.041910097033930886,0.00047675729185150647,0.0,42.7006474853936,0.0,53.80281583159593,0,0,102696.38315772897,85675.89522248834
70,2022-03-08,Phoenix Suns,0.66,Orlando Magic,0.34,210.0,-255.0,0.3225806451612903,0.7183098591549296,0.01741935483870971,-0.05830985915492959,0.002571428571428579,0.0,278.84837512698743,0.0,585.5815877666735,0.2202993569964787,0.7797006430035213,0.2801496784982393,0.7198503215017606,-0.04243096666305096,0.0015404623468310286,0.0,0.0005468641331250223,0.0,48.979749172352676,19.207744773471642,0,1,102417.53478260196,85695.10296726183
71,2022-03-08,New Orleans Pelicans,0.27,Memphis Grizzlies,0.73,-230.0,190.0,0.696969696969697,0.3448275862068966,0.033030303030302965,-0.07482758620689656,0.010899999999999995,0.0,1182.0072790105035,0.0,513.9162082654364,0.7898370278655349,0.2101629721344651,0.7599185139327674,0.24008148606723256,0.06294881696307042,-0.104746100139664,0.02077310959781325,0.0,1860.5383604451465,0.0,808.9297219326725,1,1,102931.45099086741,86504.03268919449
72,2022-03-08,Milwaukee Bucks,0.8,Oklahoma City Thunder,0.2,610.0,-900.0,0.14084507042253522,0.9,0.059154929577464786,-0.09999999999999998,0.006885245901639343,0.0,746.6431902307288,0.0,4554.523460407447,0.17500559759588788,0.8249944024041121,0.18750279879794396,0.8124972012020562,0.046657728375408734,-0.08750279879794387,0.005430653630580361,0.0,486.3951328234984,0.0,2967.0103102233397,0,0,102184.80780063668,86017.63755637099
73,2022-03-08,Los Angeles Clippers,0.31,Golden State Warriors,0.69,-250.0,205.0,0.7142857142857143,0.3278688524590164,-0.024285714285714355,-0.017868852459016368,0.0,0.0,0.0,0.0,0.0,0.793028799619235,0.20697120038076505,0.7415143998096174,0.2584856001903825,0.027228685523903118,-0.06938325226863384,0.009530039933366095,0.0,853.5556407244991,0.0,341.42225628979963,-1,1,102184.80780063668,86359.0598126608
74,2022-03-09,Boston Celtics,0.69,Charlotte Hornets,0.31,250.0,-310.0,0.2857142857142857,0.7560975609756098,0.0242857142857143,-0.06609756097560981,0.0034000000000000037,0.0,347.42834652216504,0.0,868.5708663054128,0.3747235713720105,0.6252764286279895,0.3423617856860053,0.6576382143139947,0.05664749997171959,-0.09845934666161504,0.007930649996040741,0.0,684.8834773613603,0.0,1712.208693403401,0,0,101837.37945411453,85674.17633529942
75,2022-03-09,Chicago Bulls,0.57,Detroit Pistons,0.43,188.0,-225.0,0.3472222222222222,0.6923076923076923,0.08277777777777777,-0.12230769230769235,0.012680851063829778,0.0,1295.790328705945,0.0,2436.0858179671764,0.3391690558876845,0.6608309441123155,0.38458452794384224,0.6154154720561578,0.037362305721620026,-0.07689222025153453,0.005723587259482216,0.0,494.283614484608,0.0,929.2531952310628,0,0,100541.58912540856,85179.89272081482
76,2022-03-09,Phoenix Suns,0.28,Miami Heat,0.72,-290.0,235.0,0.7435897435897436,0.29850746268656714,-0.02358974358974364,-0.01850746268656711,0.0,0.0,0.0,0.0,0.0,0.6784114894364145,0.3215885105635855,0.6992057447182072,0.3007942552817928,-0.044383998871536434,0.0022867925952256285,0.0,0.0003259895827236547,0.0,28.15215387273643,66.15756160093062,-1,1,100541.58912540856,85246.05028241576
77,2022-03-09,Atlanta Hawks,0.38,Milwaukee Bucks,0.62,-198.0,166.0,0.6644295302013422,0.3759398496240601,-0.044429530201342216,0.004060150375939875,0.0,0.0006506024096385563,0.0,66.48168218354695,110.35959242468792,0.6535803613769925,0.3464196386230075,0.6367901806884962,0.36320981931150376,-0.027639349512845968,-0.012730030312556371,0.0,0.0,0.0,0.0,0.0,0,-1,100475.10744322505,85246.05028241576
78,2022-03-09,Los Angeles Lakers,0.48,Houston Rockets,0.52,172.0,-205.0,0.36764705882352944,0.6721311475409836,0.15235294117647058,-0.1921311475409836,0.02409302325581395,0.0,2461.9409507316186,0.0,4234.538435258384,0.2778732177397897,0.7221267822602103,0.3989366088698949,0.6010633911301051,0.03128955004636541,-0.07106775641087848,0.004948114891053144,0.0,427.31454983637605,0.0,734.9810257185668,1,1,104709.6458784834,85981.03130813432
79,2022-03-09,Oklahoma City Thunder,0.06,Minnesota Timberwolves,0.94,-1400.0,830.0,0.9333333333333332,0.1075268817204301,0.006666666666666711,-0.0475268817204301,0.009999999999999908,0.0,1021.8480780063576,0.0,72.98914842902553,1.0487104130958893,-0.04871041309588929,0.9943552065479446,0.005644793452055354,0.06102187321461139,-0.10188208826837476,0.09153280982191694,0.0,7904.687398231831,0.0,564.6205284451307,1,1,104782.63502691244,86545.65183657945
80,2022-03-09,Orlando Magic,0.15,New Orleans Pelicans,0.85,-400.0,315.0,0.8,0.24096385542168675,0.04999999999999993,-0.09096385542168677,0.024999999999999988,0.0,2554.620195015916,0.0,638.6550487539789,0.8153470593146231,0.18465294068537685,0.8326735296573116,0.16732647034268844,0.03267352965731152,-0.07363738507899831,0.01633676482865578,0.0,1410.8276509832574,0.0,352.70691274581435,0,0,102228.01483189652,85134.8241855962
81,2022-03-09,New York Knicks,0.21,Dallas Mavericks,0.79,-360.0,290.0,0.7826086956521741,0.2564102564102564,0.007391304347826089,-0.0464102564102564,0.003400000000000022,0.0,347.428346522167,0.0,96.50787403393528,0.8268272957194809,0.17317270428051912,0.8084136478597405,0.19158635214025954,0.025804952207566508,-0.06482390426999685,0.011870278015480613,0.0,1025.1060491318026,0.0,284.7516803143896,0,0,101880.58648537436,84109.71813646439
82,2022-03-09,Toronto Raptors,0.38,San Antonio Spurs,0.62,108.0,-126.0,0.4807692307692308,0.5575221238938053,0.1392307692307692,-0.17752212389380528,0.02681481481481482,0.0,2740.066698061517,0.0,2959.272033906439,0.6093379029768047,0.3906620970231953,0.6146689514884023,0.3853310485115977,0.1338997207191715,-0.17219107538220765,0.025788094360729336,0.0,2227.035583352765,0.0,2405.1984300209865,0,0,99140.51978731283,81882.68255311162
83,2022-03-09,Denver Nuggets,0.55,Sacramento Kings,0.45,172.0,-205.0,0.36764705882352944,0.6721311475409836,0.08235294117647057,-0.12213114754098353,0.013023255813953487,0.0,1330.7788922873615,0.0,2288.9396947342616,0.2801783565603581,0.7198216434396418,0.3650891782801791,0.6349108217198209,-0.002557880543350377,-0.037220325821162636,0.0,0.0,0.0,0.0,0.0,0,-1,97809.74089502548,81882.68255311162
84,2022-03-09,Portland Trailblazers,0.04,Utah Jazz,0.96,-2500.0,1200.0,0.9615384615384616,0.07692307692307693,-0.0015384615384615994,-0.036923076923076927,0.0,0.0,0.0,0.0,0.0,1.0390026294094463,-0.039002629409446536,0.9995013147047233,0.0004986852952767323,0.03796285316626158,-0.0764243916278002,0.09870341823228017,0.0,8523.934398835556,0.0,340.95737595342223,-1,1,97809.74089502548,82223.63992906504
85,2022-03-09,Washington Wizards,0.32,Los Angeles Clippers,0.68,-178.0,150.0,0.6402877697841727,0.4,0.03971223021582737,-0.08000000000000003,0.011040000000000015,0.0,1128.1202781190307,0.0,633.7754371455228,0.6121534699365724,0.3878465300634276,0.6460767349682862,0.3539232650317138,0.005788965184113537,-0.04607673496828624,0.0016093323211835698,0.0,138.98042618354015,0.0,78.07889111434841,1,1,98443.516332171,82301.71882017939
86,2022-03-13,New York Knicks,0.36,Brooklyn Nets,0.64,-235.0,194.0,0.701492537313433,0.3401360544217687,-0.06149253731343296,0.01986394557823129,0.0,0.003010309278350511,0.0,296.34543060818436,574.9101353798776,0.6034067390974215,0.3965932609025785,0.6217033695487107,0.3782966304512893,-0.07978916776472222,0.03816057602952056,0.0,0.005783097604473732,0.0,475.95887295305,923.3602135289168,0,0,98147.17090156279,81825.75994722634
87,2022-03-13,Los Angeles Clippers,0.55,Detroit Pistons,0.45,166.0,-198.0,0.3759398496240601,0.6644295302013422,0.07406015037593988,-0.11442953020134215,0.01186746987951807,0.0,1168.2754649058845,0.0,1939.3372717437687,0.4168247953590423,0.5831752046409577,0.4334123976795212,0.5665876023204789,0.05747254805546104,-0.09784192788086332,0.009209456495634115,0.0,757.9540989903537,0.0,1258.203804323987,0,0,96978.89543665694,81067.80584823599
88,2022-03-13,Dallas Mavericks,0.21,Boston Celtics,0.79,-295.0,240.0,0.7468354430379747,0.29411764705882354,0.04316455696202537,-0.08411764705882355,0.01705000000000001,0.0,1678.4619534635165,0.0,568.9701537164462,0.7570794097906742,0.2429205902093257,0.7735397048953372,0.2264602951046629,0.026704261857362518,-0.06765735195416067,0.010548183433658187,0.0,868.1336270206102,0.0,294.28258543071536,0,0,95300.4334831934,80199.67222121537
89,2022-03-13,Philadelphia 76ers,0.73,Orlando Magic,0.27,590.0,-850.0,0.14492753623188406,0.8947368421052632,0.12507246376811595,-0.16473684210526318,0.0146271186440678,0.0,1439.9449931298914,0.0,8495.67545946636,0.26972902850785396,0.7302709714921459,0.269864514253927,0.7301354857460729,0.12493697802204293,-0.16460135635919027,0.014611273700882988,0.0,1202.5329397347537,0.0,7094.944344435047,0,0,93860.48849006352,78997.13928148063
90,2022-03-13,Houston Rockets,0.23,New Orleans Pelicans,0.77,-240.0,198.0,0.7058823529411765,0.3355704697986577,0.0641176470588235,-0.10557046979865772,0.02180000000000001,0.0,2146.0686560413283,0.0,894.1952733505534,0.8396984829551397,0.1603015170448603,0.8048492414775699,0.19515075852243013,0.09896688853639336,-0.1404197112762276,0.033648742102373765,0.0,2769.3493111622965,0.0,1153.8955463176242,1,1,94754.68376341408,80151.03482779826
91,2022-03-13,Indiana Pacers,0.12,Atlanta Hawks,0.88,-800.0,560.0,0.8888888888888888,0.15151515151515152,-0.008888888888888835,-0.031515151515151524,0.0,0.0,0.0,0.0,0.0,0.9050429444497184,0.09495705555028168,0.8925214722248592,0.10747852777514083,0.003632583335970385,-0.04403662374001069,0.003269325002373302,0.0,269.07106707710983,0.0,33.63388338463873,-1,1,94754.68376341408,80184.6687111829
92,2022-03-13,Memphis Grizzlies,0.84,Oklahoma City Thunder,0.16,750.0,-1200.0,0.1176470588235294,0.923076923076923,0.04235294117647061,-0.08307692307692305,0.0048,0.0,472.52887839442076,0.0,3543.966587958156,0.1274449855956903,0.8725550144043097,0.14372249279784516,0.8562775072021549,0.02607543397431576,-0.06679941587476812,0.002955215850422451,0.0,243.2193439744059,0.0,1824.145079808044,0,0,94282.15488501967,79941.4493672085
93,2022-03-13,Los Angeles Lakers,0.13,Phoenix Suns,0.87,-360.0,290.0,0.7826086956521741,0.2564102564102564,0.08739130434782605,-0.12641025641025638,0.0402,0.0,3957.429356553274,0.0,1099.2859323759094,0.8448876664907593,0.1551123335092407,0.8574438332453796,0.14255616675462035,0.0748351375932057,-0.11385408965563605,0.034424163292874635,0.0,2833.1678079501094,0.0,786.9910577639191,1,1,95381.44081739556,80728.44042497242
94,2022-03-14,Los Angeles Clippers,0.31,Cleveland Cavaliers,0.69,-240.0,198.0,0.7058823529411765,0.3355704697986577,-0.01588235294117657,-0.02557046979865774,0.0,0.0,0.0,0.0,0.0,0.8008519927904114,0.19914800720958856,0.7454259963952057,0.25457400360479426,0.03954364345402917,-0.08099646619386347,0.01344483877436993,0.0,1085.3808660200818,0.0,452.24202750836747,-1,1,95381.44081739556,81180.68245248079
95,2022-03-14,Denver Nuggets,0.37,Philadelphia 76ers,0.63,-126.0,108.0,0.5575221238938053,0.4807692307692308,0.07247787610619473,-0.1107692307692308,0.016380000000000002,0.0,1562.3480005889392,0.0,1239.958730626142,0.4610362521297235,0.5389637478702765,0.5455181260648617,0.4544818739351382,-0.012003997828943569,-0.02628735683409256,0.0,0.0,0.0,0.0,0.0,0,-1,93819.09281680662,81180.68245248079
96,2022-03-14,Portland Trailblazers,0.08,Atlanta Hawks,0.92,-1100.0,700.0,0.9166666666666664,0.125,0.003333333333333521,-0.045,0.004000000000000057,0.0,381.5257632695876,0.0,34.68416029723524,0.9379722491692352,0.06202775083076473,0.9289861245846176,0.07101387541538237,0.01231945791795108,-0.05398612458461763,0.014783349501541126,0.0,1193.4367495167085,0.0,108.49424995606441,1,1,93853.77697710387,81289.17670243686
97,2022-03-14,Charlotte Hornets,0.77,Oklahoma City Thunder,0.23,370.0,-480.0,0.2127659574468085,0.8275862068965517,0.017234042553191498,-0.0575862068965517,0.002189189189189191,0.0,208.808019086731,0.0,772.5896706209047,0.18010065936066622,0.8198993406393338,0.2050503296803331,0.7949496703196669,-0.0077156277664754145,-0.03263653657688481,0.0,0.0,0.0,0.0,0.0,0,-1,93644.96895801713,81289.17670243686
98,2022-03-14,Minnesota Timberwolves,0.54,San Antonio Spurs,0.46,140.0,-166.0,0.4166666666666667,0.6240601503759399,0.04333333333333328,-0.08406015037593982,0.007428571428571427,0.0,708.5478460720813,0.0,991.9669845009137,0.4674825446226757,0.5325174553773243,0.4637412723113379,0.5362587276886621,0.047074605644671134,-0.08780142268727775,0.008069932396229345,0.0,651.4730566825558,0.0,912.062279355578,0,0,92936.42111194503,80637.7036457543
99,2022-03-14,Chicago Bulls,0.49,Sacramento Kings,0.52,140.0,-166.0,0.4166666666666667,0.6240601503759399,0.10333333333333328,-0.13406015037593988,0.017714285714285717,0.0,1689.6140944795789,0.0,2365.4597322714103,0.3581916189820304,0.6418083810179696,0.4390958094910152,0.5659041905089848,0.02242914282434849,-0.0581559598669551,0.0038449959127454685,0.0,310.40052347633497,0.0,434.560732866869,1,1,95301.88084421646,81072.26437862117
100,2022-03-14,Milwaukee Bucks,0.29,Utah Jazz,0.71,102.0,-120.0,0.4950495049504951,0.5454545454545454,0.21495049504950486,-0.25545454545454543,0.04256862745098038,0.0,4060.257019893445,0.0,4141.462160291315,0.6574887798115988,0.3425112201884012,0.6837443899057993,0.31625561009420056,0.1886948849553043,-0.2291989353603449,0.037368987020560254,0.0,3016.740042430866,0.0,3077.0748432794835,0,0,91241.62382432305,78055.5243361903
101,2022-03-14,Washington Wizards,0.15,Golden State Warriors,0.85,-750.0,530.0,0.8823529411764706,0.15873015873015872,-0.032352941176470584,-0.008730158730158727,0.0,0.0,0.0,0.0,0.0,0.9145737541280698,0.08542624587193015,0.8822868770640349,0.11771312293596507,-6.60641124357042e-05,-0.04101703579419365,0.0,0.0,0.0,0.0,0.0,-1,-1,91241.62382432305,78055.5243361903
102,2022-03-14,Toronto Raptors,0.64,Los Angeles Lakers,0.36,152.0,-180.0,0.3968253968253969,0.6428571428571429,-0.03682539682539687,-0.0028571428571428914,0.0,0.0,0.0,0.0,0.0,0.3843877883056213,0.6156122116943787,0.3721938941528107,0.6278061058471893,-0.02463150267258618,-0.015051037009953585,0.0,0.0,0.0,0.0,0.0,-1,-1,91241.62382432305,78055.5243361903
103,2022-03-15,Brooklyn Nets,0.69,Orlando Magic,0.31,410.0,-550.0,0.19607843137254904,0.8461538461538461,0.11392156862745095,-0.1561538461538462,0.014170731707317075,0.0,1292.9605717544314,0.0,5301.1383441931675,0.3726707096003021,0.6273292903996979,0.34133535480015104,0.6586646451998489,0.145256923427602,-0.18748920095399724,0.018068544133677318,0.0,1410.3496863457785,0.0,5782.43371401769,0,0,89948.6632525686,76645.17464984451
104,2022-03-15,Memphis Grizzlies,0.68,Indiana Pacers,0.32,250.0,-310.0,0.2857142857142857,0.7560975609756098,0.03428571428571432,-0.07609756097560971,0.004800000000000004,0.0,437.9597943567509,0.0,1094.8994858918772,0.2308239191713497,0.7691760808286503,0.2754119595856749,0.7245880404143252,-0.010302326128610815,-0.03150952056128453,0.0,0.0,0.0,0.0,0.0,0,-1,89510.70345821185,76645.17464984451
105,2022-03-15,Detroit Pistons,0.11,Miami Heat,0.89,-900.0,610.0,0.9,0.14084507042253522,-0.010000000000000007,-0.030845070422535217,0.0,0.0,0.0,0.0,0.0,0.970900186758208,0.029099813241792005,0.930450093379104,0.069549906620896,0.030450093379103982,-0.07129516380163922,0.030450093379103992,0.0,2376.7980047919186,0.0,264.0886671991021,-1,1,89510.70345821185,76909.26331704362
106,2022-03-15,Phoenix Suns,0.62,New Orleans Pelicans,0.38,190.0,-230.0,0.3448275862068966,0.696969696969697,0.03517241379310343,-0.07696969696969702,0.005368421052631578,0.0,489.8234542147867,0.0,930.6645630080948,0.2749248306519824,0.7250751693480175,0.3274624153259912,0.6725375846740087,-0.01736517088090539,-0.02443211229568832,0.0,0.0,0.0,0.0,0.0,0,-1,89020.88000399707,76909.26331704362
107,2022-03-16,Atlanta Hawks,0.44,Charlotte Hornets,0.56,-102.0,-116.0,0.504950495049505,0.5370370370370371,0.0550495049504951,-0.09703703703703707,0.01112000000000001,0.0,989.9121856444484,0.0,970.5021427886747,0.6461831308393597,0.35381686916064026,0.6030915654196799,0.3969084345803201,0.09814107037017494,-0.140128602456717,0.01982449621477534,0.0,1524.687399509891,0.0,1494.7915681469522,1,1,89991.38214678572,78404.05488519056
108,2022-03-16,Denver Nuggets,0.65,Washington Wizards,0.35,225.0,-275.0,0.3076923076923077,0.7333333333333333,0.04230769230769227,-0.08333333333333326,0.0061111111111111106,0.0,544.0164889133152,0.0,1224.0371000549596,0.21835048737614726,0.7816495126238527,0.2841752436880736,0.7158247563119264,-0.02351706400423409,-0.017508577021406846,0.0,0.0,0.0,0.0,0.0,0,-1,89447.36565787242,78404.05488519056
109,2022-03-16,Philadelphia 76ers,0.57,Cleveland Cavaliers,0.43,116.0,-134.0,0.462962962962963,0.5726495726495726,-0.03296296296296297,-0.0026495726495726624,0.0,0.0,0.0,0.0,0.0,0.5605420699661163,0.4394579300338837,0.4952710349830581,0.5047289650169419,0.03230807202009517,-0.06792060763263075,0.006015985824431513,0.0,462.68503788280486,0.0,536.7146439440537,-1,0,89447.36565787242,77941.36984730775
110,2022-03-16,Dallas Mavericks,0.56,Brooklyn Nets,0.44,120.0,-142.0,0.4545454545454545,0.5867768595041323,-0.014545454545454528,-0.026776859504132226,0.0,0.0,0.0,0.0,0.0,0.38068350951286745,0.6193164904871326,0.41034175475643375,0.5896582452435664,-0.04420369978902078,0.002881385739434084,0.0,0.0006972953489430552,0.0,53.62847160161125,37.766529296909326,-1,1,89447.36565787242,77979.13637660466
111,2022-03-16,Portland Trailblazers,0.09,New York Knicks,0.91,-820.0,570.0,0.8913043478260869,0.14925373134328354,0.01869565217391312,-0.05925373134328357,0.017200000000000028,0.0,1531.159136068752,0.0,186.72672391082344,0.916553297698698,0.08344670230130202,0.9132766488493492,0.08672335115065101,0.0219723010232622,-0.06253038019263256,0.020214516941401185,0.0,1554.6836062730627,0.0,189.59556174061746,1,1,89634.09238178324,78168.73193834527
112,2022-03-16,Los Angeles Lakers,0.16,Minnesota Timberwolves,0.84,-430.0,340.0,0.8113207547169812,0.2272727272727273,0.028679245283018795,-0.06727272727272726,0.015199999999999988,0.0,1353.1173760607542,0.0,314.67845954901264,0.8216633704302877,0.1783366295697123,0.8308316852151438,0.16916831478485614,0.01951093049816266,-0.0581044124878711,0.010340793164026234,0.0,795.3027843591783,0.0,184.95413589748333,1,1,89948.77084133224,78353.68607424275
113,2022-03-16,Phoenix Suns,0.73,Houston Rockets,0.27,500.0,-700.0,0.16666666666666666,0.875,0.1033333333333334,-0.14500000000000002,0.012400000000000005,0.0,1103.858912049564,0.0,5519.2945602478185,0.1378334141773776,0.8621665858226224,0.2039167070886888,0.7960832929113112,0.03725004042202218,-0.07891670708868881,0.004470004850642659,0.0,343.7847800865385,0.0,1718.9239004326926,0,0,88844.9119292827,78009.90129415621
114,2022-03-16,Oklahoma City Thunder,0.14,San Antonio Spurs,0.86,-1150.0,730.0,0.92,0.12048192771084335,-0.06000000000000005,0.01951807228915664,0.0,0.0022191780821917808,0.0,197.55318576229493,1442.1382560647528,0.9311048228005592,0.06889517719944094,0.8955524114002795,0.10444758859972048,-0.02444758859972052,-0.016034339111122897,0.0,0.0,0.0,0.0,0.0,0,-1,88647.3587435204,78009.90129415621
115,2022-03-16,Chicago Bulls,0.19,Utah Jazz,0.81,-255.0,210.0,0.7183098591549296,0.3225806451612903,0.09169014084507043,-0.1325806451612903,0.032550000000000016,0.0,2897.629644130106,0.0,1136.3253506392575,0.6912346644436863,0.3087653355563137,0.7506173322218432,0.24938266777815685,0.03230747306691362,-0.07319797738313348,0.011469152938754343,0.0,882.0841033901025,0.0,345.9153346627853,1,1,89783.68409415967,78355.816628819
116,2022-03-16,Boston Celtics,0.45,Golden State Warriors,0.55,-130.0,110.0,0.5652173913043478,0.4761904761904761,-0.015217391304347738,-0.026190476190476097,0.0,0.0,0.0,0.0,0.0,0.5328720175066236,0.4671279824933764,0.5414360087533119,0.4585639912466882,-0.0237813825510359,-0.017626484943787882,0.0,0.0,0.0,0.0,0.0,-1,-1,89783.68409415967,78355.816628819
117,2022-03-16,Milwaukee Bucks,0.63,Sacramento Kings,0.37,320.0,-405.0,0.23809523809523805,0.8019801980198021,0.13190476190476194,-0.17198019801980213,0.017312499999999998,0.0,1541.1739850691986,0.0,4931.756752221438,0.3123926727050393,0.6876073272949607,0.3411963363525197,0.6588036636474803,0.1031010982572816,-0.1431765343723218,0.013532019146268205,0.0,1040.737623731617,0.0,3330.360395941175,0,0,88242.51010909046,77315.07900508738
118,2022-03-16,Toronto Raptors,0.52,Los Angeles Clippers,0.48,100.0,-118.0,0.5,0.5412844036697247,-0.02000000000000001,-0.021284403669724727,0.0,0.0,0.0,0.0,0.0,0.4075717961758293,0.5924282038241707,0.4437858980879146,0.5562141019120854,-0.05621410191208537,0.014929698242360678,0.0,0.003254674216834623,0.0,250.3145963537267,212.13101385909042,-1,1,88242.51010909046,77527.21001894647
119,2022-03-17,Detroit Pistons,0.37,Orlando Magic,0.63,-136.0,116.0,0.576271186440678,0.46296296296296297,0.05372881355932202,-0.09296296296296296,0.012680000000000002,0.0,1118.9150281832672,0.0,822.7316383700495,0.6492896161016571,0.3507103838983429,0.6396448080508286,0.3603551919491714,0.06337362161015059,-0.10260777101379154,0.01495617469999555,0.0,1159.5104970466084,0.0,852.5812478283888,0,0,87123.5950809072,76367.69952189986
120,2022-03-18,Dallas Mavericks,0.33,Philadelphia 76ers,0.67,-144.0,124.0,0.5901639344262295,0.44642857142857145,0.07983606557377054,-0.11642857142857145,0.019480000000000008,0.0,1697.1676321760724,0.0,1178.588633455606,0.5864707400877861,0.4135292599122139,0.6282353700438931,0.3717646299561069,0.03807143561766357,-0.07466394147246452,0.009289430290709907,0.0,709.4124211705694,0.0,492.6475147017843,1,1,88302.18371436279,76860.34703660164
121,2022-03-18,Denver Nuggets,0.49,Cleveland Cavaliers,0.51,120.0,-142.0,0.4545454545454545,0.5867768595041323,0.05545454545454548,-0.09677685950413227,0.010166666666666671,0.0,885.7565499892232,0.0,1062.907859987068,0.4731353879537898,0.5268646120462102,0.4915676939768949,0.5084323060231051,0.0370222394314404,-0.0783445534810272,0.006787410562430736,0.0,518.3389303634797,0.0,622.0067164361756,1,1,89365.09157434988,77482.35375303782
122,2022-03-18,Los Angeles Lakers,0.19,Toronto Raptors,0.81,-420.0,330.0,0.8076923076923077,0.2325581395348837,0.0023076923076923443,-0.042558139534883715,0.001200000000000026,0.0,104.54831409709094,0.0,24.89245573740261,0.7871880639480628,0.2128119360519372,0.7985940319740314,0.2014059680259686,-0.009098275718276259,-0.03115217150891511,0.0,0.0,0.0,0.0,0.0,0,-1,89260.54326025279,77482.35375303782
123,2022-03-18,Memphis Grizzlies,0.47,Atlanta Hawks,0.53,184.0,-220.0,0.35211267605633795,0.6875,0.17788732394366202,-0.21750000000000005,0.027456521739130442,0.0,2392.1108823301265,0.0,4401.484023487433,0.3295015097127181,0.6704984902872819,0.4297507548563591,0.5702492451436411,0.07763807880002105,-0.11725075485635905,0.01198326868435107,0.0,915.1346621767148,0.0,1683.8477784051556,1,1,93662.02728374023,79166.20153144297
124,2022-03-18,Portland Trailblazers,0.11,Brooklyn Nets,0.89,-1400.0,830.0,0.9333333333333332,0.1075268817204301,-0.04333333333333322,0.0024731182795699053,0.0,0.00027710843373494,0.0,24.14268297422732,200.38426868608673,0.9231747426186472,0.07682525738135282,0.9065873713093237,0.0934126286906764,-0.02674596202400969,-0.014114253029753691,0.0,0.0,0.0,0.0,0.0,0,-1,93637.884600766,79166.20153144297
125,2022-03-18,Washington Wizards,0.21,New York Knicks,0.79,-240.0,198.0,0.7058823529411765,0.3355704697986577,0.08411764705882352,-0.12557046979865774,0.028600000000000018,0.0,2491.7348193139483,0.0,1038.2228413808116,0.7432737190882255,0.2567262809117745,0.7666368595441128,0.23336314045588724,0.060754506602936235,-0.10220732934277048,0.020656532244998343,0.0,1577.491847650469,0.0,657.288269854362,1,1,94676.1074421468,79823.48980129733
126,2022-03-18,Indiana Pacers,0.43,Houston Rockets,0.57,144.0,-172.0,0.4098360655737705,0.6323529411764706,0.16016393442622945,-0.2023529411764705,0.027138888888888886,0.0,2364.4375665012867,0.0,3404.7900957618517,0.38888849689700616,0.6111115031029939,0.4794442484485031,0.5205557515514969,0.06960818287473257,-0.11179718962497363,0.011794719875996354,0.0,900.7356234350696,0.0,1297.0592977464999,0,0,92311.66987564553,78922.75417786227
127,2022-03-18,Oklahoma City Thunder,0.05,Miami Heat,0.95,-1500.0,870.0,0.9375,0.10309278350515463,0.012499999999999956,-0.05309278350515463,0.019999999999999917,0.0,1742.4719016181368,0.0,116.16479344120914,1.0288114876976415,-0.028811487697641525,0.9894057438488209,0.01059425615117924,0.05190574384882074,-0.0924985273539754,0.0830491901581132,0.0,6342.27559953191,0.0,422.8183733021274,1,1,92427.83466908672,79345.5725511644
128,2022-03-18,New Orleans Pelicans,0.41,San Antonio Spurs,0.59,-146.0,124.0,0.5934959349593496,0.44642857142857145,-0.0034959349593496336,-0.03642857142857149,0.0,0.0,0.0,0.0,0.0,0.6658376695657802,0.33416233043421983,0.6279188347828901,0.3720811652171099,0.03442289982354052,-0.07434740621146158,0.008468033356590965,0.0,646.6842269175638,0.0,442.9344019983315,-1,0,92427.83466908672,78698.88832424683
129,2022-03-18,Los Angeles Clippers,0.14,Utah Jazz,0.86,-260.0,215.0,0.7222222222222221,0.31746031746031744,0.1377777777777779,-0.17746031746031746,0.049599999999999984,0.0,4321.330316012996,0.0,1662.0501215434601,0.8149577161294352,0.1850422838705648,0.8374788580647177,0.1625211419352824,0.11525663584249556,-0.15493917552503506,0.04149238890329837,0.0,3168.678288212901,0.0,1218.7224185434234,1,1,94089.88479063018,79917.61074279026
130,2022-03-18,Boston Celtics,0.72,Sacramento Kings,0.28,380.0,-490.0,0.2083333333333333,0.8305084745762712,0.07166666666666666,-0.11050847457627122,0.009052631578947371,0.0,788.6978081008442,0.0,2997.0516707832085,0.21396192023926056,0.7860380797607394,0.2469809601196303,0.7530190398803697,0.038647626786296914,-0.07748943469590153,0.004881805488795401,0.0,372.8122546926887,0.0,1416.6865678322172,0,0,93301.18698252934,79544.79848809756
131,2022-03-18,Chicago Bulls,0.21,Phoenix Suns,0.79,-230.0,190.0,0.696969696969697,0.3448275862068966,0.09303030303030302,-0.13482758620689658,0.030700000000000005,0.0,2674.6943689838517,0.0,1162.9105952103705,0.7058695223052835,0.29413047769471645,0.7479347611526418,0.2520652388473582,0.050965064182944775,-0.09276234735953837,0.016818471180371792,0.0,1284.3879535203653,0.0,558.4295450088546,1,1,94464.09757773973,80103.22803310641
132,2022-03-19,Milwaukee Bucks,0.41,Minnesota Timberwolves,0.59,120.0,-142.0,0.4545454545454545,0.5867768595041323,0.13545454545454544,-0.1767768595041323,0.02483333333333333,0.0,2345.8584231805357,0.0,2815.0301078166435,0.5115601827880798,0.4884398172119202,0.5507800913940399,0.4492199086059601,0.0962346368485854,-0.1375569508981722,0.017643016755573986,0.0,1413.2625943636606,0.0,1695.9151132363925,1,1,97279.12768555636,81799.1431463428
133,2022-03-19,Dallas Mavericks,0.41,Charlotte Hornets,0.59,-120.0,102.0,0.5454545454545454,0.4950495049504951,0.04454545454545456,-0.08504950495049507,0.009799999999999993,0.0,925.7481562618486,0.0,771.4567968848738,0.6303321714083359,0.36966782859166414,0.610166085704168,0.3898339142958321,0.06471154024962256,-0.10521559065466304,0.01423653885491696,0.0,1140.3927182975924,0.0,950.327265247994,1,1,98050.58448244123,82749.4704115908
134,2022-03-19,Detroit Pistons,0.22,Cleveland Cavaliers,0.78,-235.0,194.0,0.701492537313433,0.3401360544217687,0.07850746268656705,-0.1201360544217687,0.02630000000000001,0.0,2484.405766294556,0.0,1057.1939431040664,0.8830598599560463,0.1169401400439537,0.8315299299780232,0.16847007002197684,0.13003739266459025,-0.17166598439979186,0.04356252654263778,0.0,3489.4989973431652,0.0,1484.8931903587936,1,1,99107.77842554527,84234.36360194959
135,2022-03-19,Los Angeles Lakers,0.4,Washington Wizards,0.6,-152.0,128.0,0.6031746031746031,0.43859649122807015,-0.003174603174603164,-0.03859649122807013,0.0,0.0,0.0,0.0,0.0,0.4501776088330978,0.5498223911669022,0.5250888044165489,0.4749111955834511,-0.07808579875805421,0.03631470435538098,0.0,0.006468556713302232,0.0,518.15227345073,663.2349100169345,-1,0,99107.77842554527,83716.21132849887
136,2022-03-20,Memphis Grizzlies,0.77,Houston Rockets,0.23,530.0,-750.0,0.15873015873015872,0.8823529411764706,0.07126984126984129,-0.11235294117647054,0.008471698113207549,0.0,839.6111794918837,0.0,4449.939251306984,0.1424715433638313,0.8575284566361687,0.18623577168191568,0.8137642283180844,0.027505612951756936,-0.06858871285838619,0.0032695351244541237,0.0,273.71309342475126,0.0,1450.6793951511816,0,0,98268.1672460534,83442.49823507412
137,2022-03-20,Portland Trailblazers,0.15,Indiana Pacers,0.85,-330.0,265.0,0.7674418604651163,0.273972602739726,0.08255813953488368,-0.12397260273972605,0.03549999999999999,0.0,3518.3261341068574,0.0,1066.1594345778353,0.8565736804539236,0.14342631954607646,0.8532868402269618,0.14671315977303825,0.08584497976184546,-0.1272594429666878,0.03691334129759356,0.0,3090.2450809103475,0.0,936.4379033061658,1,1,99334.32668063123,84378.93613838029
138,2022-03-20,New Orleans Pelicans,0.28,Atlanta Hawks,0.72,-158.0,134.0,0.6124031007751938,0.4273504273504273,0.1075968992248062,-0.1473504273504273,0.02775999999999999,0.0,2751.231929093136,0.0,1741.2860310716046,0.6472233011237059,0.3527766988762941,0.6836116505618529,0.3163883494381471,0.07120854978665914,-0.11096207791228024,0.018371805844958056,0.0,1538.0179806026597,0.0,973.4291016472528,0,0,96583.09475153813,82840.91815777763
139,2022-03-20,Oklahoma City Thunder,0.26,Orlando Magic,0.74,-240.0,198.0,0.7058823529411765,0.3355704697986577,0.034117647058823475,-0.07557046979865772,0.0116,0.0,1149.6502297363256,0.0,479.0209290568023,0.6831954771505029,0.3168045228494971,0.7115977385752514,0.28840226142474856,0.005715385634074921,-0.04716820837390917,0.0019432311155854886,0.0,162.67994673246938,0.0,67.7833111385289,1,1,97062.1156805949,82908.70146891616
140,2022-03-20,Phoenix Suns,0.65,Sacramento Kings,0.35,340.0,-430.0,0.2272727272727273,0.8113207547169812,0.12272727272727273,-0.16132075471698115,0.01588235294117647,0.0,1574.064716170425,0.0,5351.820034979445,0.23157646432309434,0.7684235356769057,0.29078823216154714,0.7092117678384529,0.06351550488881988,-0.10210898687852832,0.008219653573847277,0.0,688.1182556352497,0.0,2339.6020691598487,0,0,95488.05096442447,82220.58321328093
141,2022-03-20,Utah Jazz,0.53,New York Knicks,0.47,140.0,-166.0,0.4166666666666667,0.6240601503759399,0.05333333333333323,-0.09406015037593984,0.009142857142857137,0.0,906.1282598906993,0.0,1268.5795638469788,0.3488273090872595,0.6511726909127404,0.40941365454362977,0.5905863454563702,-0.0072530121230369735,-0.03347380491956964,0.0,0.0,0.0,0.0,0.0,0,-1,94581.92270453378,82220.58321328093
142,2022-03-20,Boston Celtics,0.49,Denver Nuggets,0.51,120.0,-142.0,0.4545454545454545,0.5867768595041323,0.05545454545454548,-0.09677685950413227,0.010166666666666671,0.0,1007.5957473263772,0.0,1209.1148967916524,0.466099382789633,0.5339006172103671,0.4880496913948165,0.5119503086051835,0.033504236849361935,-0.07482655089894874,0.006142443422383015,0.0,514.2220916215643,0.0,617.0665099458772,0,0,93574.3269572074,81706.36112165937
143,2022-03-20,San Antonio Spurs,0.24,Golden State Warriors,0.76,-260.0,215.0,0.7222222222222221,0.31746031746031744,0.03777777777777791,-0.07746031746031745,0.013600000000000006,0.0,1347.8657865874166,0.0,518.409917918237,0.6935059929887373,0.3064940070112627,0.7267529964943686,0.27324700350563136,0.004530774272146543,-0.044213313954686084,0.0016310787379727088,0.0,136.54773232154452,0.0,52.51835858520943,0,0,92226.46117061998,81569.81338933781
144,2022-03-20,Toronto Raptors,0.27,Philadelphia 76ers,0.73,-210.0,176.0,0.6774193548387096,0.3623188405797101,0.05258064516129035,-0.09231884057971013,0.0163,0.0,1615.4567883363877,0.0,769.2651373030417,0.6120003881555859,0.3879996118444141,0.671000194077793,0.3289998059222071,-0.006419160760916642,-0.033319034657503084,0.0,0.0,0.0,0.0,0.0,0,-1,90611.00438228359,81569.81338933781
145,2022-03-21,Los Angeles Lakers,0.26,Cleveland Cavaliers,0.74,-210.0,176.0,0.6774193548387096,0.3623188405797101,0.06258064516129036,-0.10231884057971014,0.0194,0.0,1757.853485016301,0.0,837.0730881030005,0.8050953071738257,0.1949046928261743,0.7725476535869129,0.22745234641308715,0.09512829874820328,-0.134866494166623,0.029489772611943008,0.0,2405.475248850196,0.0,1145.4644042143789,0,0,88853.15089726729,79164.33814048761
146,2022-03-21,New Orleans Pelicans,0.28,Charlotte Hornets,0.72,-250.0,205.0,0.7142857142857143,0.3278688524590164,0.005714285714285672,-0.047868852459016335,0.001999999999999988,0.0,181.22200876456608,0.0,72.48880350582644,0.7964259623223627,0.20357403767763727,0.7582129811611813,0.24178701883881865,0.043927266875467004,-0.08608183362019772,0.015374543406413463,0.0,1254.0986366074205,0.0,501.63945464296813,1,1,88925.6397007731,79665.97759513058
147,2022-03-21,Portland Trailblazers,0.18,Detroit Pistons,0.82,-320.0,260.0,0.7619047619047619,0.2777777777777778,0.05809523809523809,-0.0977777777777778,0.02439999999999997,0.0,2210.9085069277176,0.0,690.9089084149118,0.8656270522613101,0.1343729477386899,0.8428135261306551,0.15718647386934495,0.08090876422589321,-0.12059130390843285,0.03398168097487513,0.0,2771.879375776576,0.0,866.2123049301799,0,0,86714.7311938454,76894.098219354
148,2022-03-21,Miami Heat,0.42,Philadelphia 76ers,0.58,122.0,-144.0,0.4504504504504505,0.5901639344262295,0.1295495495495495,-0.1701639344262295,0.023573770491803262,0.0,2136.043021339733,0.0,2605.972486034474,0.4540345691168092,0.5459654308831907,0.5170172845584046,0.4829827154415953,0.06656683410795411,-0.10718121898463416,0.012112981288496569,0.0,988.0536232912058,0.0,1205.425420415271,1,1,89320.70367987988,78099.52363976926
149,2022-03-21,Utah Jazz,0.44,Brooklyn Nets,0.56,100.0,-118.0,0.5,0.5412844036697247,0.06000000000000005,-0.10128440366972474,0.012000000000000007,0.0,1087.332052587404,0.0,1087.332052587404,0.2893881584118234,0.7106118415881766,0.4246940792059117,0.5753059207940883,-0.07530592079408828,0.03402151712436352,0.0,0.007416690733111242,0.0,604.978079066315,512.6932873443347,1,0,90408.03573246727,77494.54556070294
150,2022-03-21,Boston Celtics,0.91,Oklahoma City Thunder,0.09,830.0,-1400.0,0.1075268817204301,0.9333333333333332,-0.0175268817204301,-0.02333333333333321,0.0,0.0,0.0,0.0,0.0,0.08436211753120171,0.9156378824687984,0.08718105876560085,0.9128189412343992,-0.020345822954829243,-0.02051439209893402,0.0,0.0,0.0,0.0,0.0,-1,-1,90408.03573246727,77494.54556070294
151,2022-03-21,Toronto Raptors,0.29,Chicago Bulls,0.71,-168.0,142.0,0.6268656716417911,0.4132231404958678,0.08313432835820889,-0.1232231404958678,0.02228,0.0,2018.8131776372766,0.0,1201.6745104983795,0.6345437291069069,0.36545627089309296,0.6722718645534534,0.32772813544654644,0.04540619291166237,-0.08549500504932134,0.012168859700325527,0.0,992.6116149165863,0.0,590.8402469741586,1,1,91609.71024296565,78085.3858076771
152,2022-03-21,Washington Wizards,0.5,Houston Rockets,0.5,176.0,-210.0,0.3623188405797101,0.6774193548387096,0.13768115942028986,-0.17741935483870966,0.02159090909090909,0.0,1956.37395825385,0.0,3443.2181665267767,0.3856684088210667,0.6143315911789333,0.4428342044105333,0.5571657955894667,0.0805153638308232,-0.12025355924924296,0.012626272964379091,0.0,1029.9227295072437,0.0,1812.664003932749,1,1,95052.92840949242,79898.04981160986
153,2022-03-21,Minnesota Timberwolves,0.41,Dallas Mavericks,0.59,-136.0,116.0,0.576271186440678,0.46296296296296297,0.013728813559321984,-0.05296296296296299,0.003239999999999997,0.0,293.57965419859863,0.0,215.8673927930872,0.4951400793657434,0.5048599206342566,0.5425700396828717,0.4574299603171282,-0.03370114675780633,-0.005533002645834728,0.0,0.0,0.0,0.0,0.0,1,-1,95268.79580228553,79898.04981160986
154,2022-03-22,Golden State Warriors,0.65,Orlando Magic,0.35,265.0,-330.0,0.273972602739726,0.7674418604651163,0.07602739726027398,-0.11744186046511627,0.010471698113207542,0.0,997.6260692503481,0.0,2643.7090835134227,0.2250572974378621,0.7749427025621379,0.287528648718931,0.7124713512810691,0.013556045979205013,-0.05497050918404733,0.0018671535027961605,0.0,149.1819235723294,0.0,395.3320974666729,1,1,97912.50488579896,80293.38190907652
155,2022-03-22,Atlanta Hawks,0.45,New York Knicks,0.55,134.0,-158.0,0.4273504273504273,0.6124031007751938,0.12264957264957273,-0.16240310077519374,0.0214179104477612,0.0,2040.4585369594001,0.0,2734.214439525597,0.4760086073798065,0.5239913926201936,0.5130043036899032,0.4869956963100968,0.08565387633947591,-0.12540740446509702,0.014957467957789072,0.0,1195.0725199469898,0.0,1601.3971767289663,0,0,95872.04634883958,79098.30938912954
156,2022-03-22,Chicago Bulls,0.16,Milwaukee Bucks,0.84,-295.0,240.0,0.7468354430379747,0.29411764705882354,0.0931645569620253,-0.13411764705882356,0.03679999999999998,0.0,3505.891685524105,0.0,1188.4378594996967,0.6786324236926917,0.3213675763073083,0.7593162118463459,0.2406837881536541,0.012480768808371234,-0.053433858905169385,0.004929903679306621,0.0,393.8896897356791,0.0,133.521928723959,1,1,97060.48420833926,79231.8313178535
157,2022-03-22,Los Angeles Clippers,0.2,Denver Nuggets,0.81,-275.0,225.0,0.7333333333333333,0.3076923076923077,0.07666666666666677,-0.1076923076923077,0.02875000000000001,0.0,2738.977879315711,0.0,995.9919561148039,0.8632030838420551,0.13679691615794487,0.8366015419210275,0.16839845807897244,0.10326820858769424,-0.13929384961333527,0.03872557822038533,0.0,3094.0981776357407,0.0,1125.1266100493604,1,1,98056.47616445406,80356.95792790287
158,2022-03-23,Atlanta Hawks,0.62,Detroit Pistons,0.38,180.0,-215.0,0.35714285714285715,0.6825396825396826,0.022857142857142854,-0.06253968253968256,0.003555555555555559,0.0,348.6452485847258,0.0,627.5614474525064,0.335082193851725,0.664917806148275,0.3575410969258625,0.6424589030741374,0.0003982397830053497,-0.04008077946554511,6.1948410689726e-05,0.0,4.9779858314947605,0.0,8.96037449669057,1,1,98684.03761190656,80365.91830239956
159,2022-03-23,New York Knicks,0.26,Charlotte Hornets,0.74,-310.0,250.0,0.7560975609756098,0.2857142857142857,-0.01609756097560977,-0.02571428571428569,0.0,0.0,0.0,0.0,0.0,0.8165886357417959,0.18341136425820406,0.7782943178708979,0.22170568212910208,0.022196756895288102,-0.06400860358518362,0.00910067032706812,0.0,731.3021825879271,0.0,235.9039298670733,-1,0,98684.03761190656,79634.61611981162
160,2022-03-23,Sacramento Kings,0.31,Indiana Pacers,0.69,-245.0,200.0,0.7101449275362319,0.3333333333333333,-0.020144927536231986,-0.023333333333333255,0.0,0.0,0.0,0.0,0.0,0.6361521733845993,0.3638478266154007,0.6630760866922996,0.33692391330770033,-0.04706884084393237,0.0035905799743670697,0.0,0.0005385869961550494,0.0,43.279212590546884,86.55842518109377,-1,1,98684.03761190656,79721.17454499273
161,2022-03-23,Brooklyn Nets,0.32,Memphis Grizzlies,0.68,102.0,-120.0,0.4950495049504951,0.5454545454545454,0.184950495049505,-0.2254545454545454,0.036627450980392176,0.0,3591.5587740235346,0.0,3663.389949504006,0.7745044609591026,0.22549553904089736,0.7272522304795513,0.27274776952044866,0.2322027255290563,-0.2727067759340968,0.04598524564398958,0.0,3695.234449518349,0.0,3769.139138508716,1,1,102347.42756141057,83490.31368350143
162,2022-03-23,Golden State Warriors,0.21,Miami Heat,0.79,-280.0,230.0,0.7368421052631579,0.30303030303030304,0.05315789473684218,-0.09303030303030303,0.02020000000000001,0.0,1980.7408185219726,0.0,707.4074351864189,0.7320088919082318,0.2679911080917682,0.7610044459541159,0.2389955540458841,0.024162340690958014,-0.06403474898441898,0.009181689462564032,0.0,737.8126338503273,0.0,263.5045120894025,0,0,100366.68674288859,82752.50104965112
163,2022-03-23,Utah Jazz,0.3,Boston Celtics,0.7,-198.0,166.0,0.6644295302013422,0.3759398496240601,0.035570469798657744,-0.07593984962406014,0.010599999999999991,0.0,1039.398647343212,0.0,524.9488117895011,0.6595174847794969,0.3404825152205031,0.6797587423897484,0.3202412576102516,0.015329212188406216,-0.055698592013808564,0.004568105232145033,0.0,367.07903994971116,0.0,185.39345452005628,1,1,100891.63555467811,82937.89450417117
164,2022-03-23,Orlando Magic,0.42,Oklahoma City Thunder,0.58,114.0,-134.0,0.4672897196261683,0.5726495726495726,0.11271028037383167,-0.15264957264957266,0.02115789473684209,0.0,2074.6686009531845,0.0,2365.12220508663,0.4731383121700015,0.5268616878299985,0.5265691560850008,0.4734308439149992,0.05927943645883249,-0.09921872873457338,0.011127894212447509,0.0,894.2037270557981,0.0,1019.3922488436098,1,1,103256.75775976473,83957.28675301479
165,2022-03-23,Phoenix Suns,0.42,Minnesota Timberwolves,0.58,-102.0,-116.0,0.504950495049505,0.5370370370370371,0.075049504950495,-0.1170370370370371,0.015159999999999996,0.0,1486.5361786531232,0.0,1457.3884104442386,0.5083271703141908,0.4916728296858092,0.5441635851570954,0.4558364148429046,0.039213090107590436,-0.08120062219413249,0.007921044201733264,0.0,636.5110156637388,0.0,624.0304075134694,0,0,101770.2215811116,83320.77573735105
166,2022-03-23,Houston Rockets,0.18,Dallas Mavericks,0.82,-550.0,410.0,0.8461538461538461,0.19607843137254904,-0.0261538461538462,-0.01607843137254905,0.0,0.0,0.0,0.0,0.0,0.9129359975312392,0.08706400246876067,0.8664679987656196,0.13353200123438033,0.02031415261177349,-0.06254643013816871,0.013204199197652769,0.0,1061.0492793974324,0.0,192.9180507995332,-1,1,101770.2215811116,83513.69378815059
167,2022-03-23,Philadelphia 76ers,0.6,Los Angeles Lakers,0.4,225.0,-275.0,0.3076923076923077,0.7333333333333333,0.09230769230769233,-0.1333333333333333,0.013333333333333336,0.0,1307.419682192721,0.0,2941.6942849336224,0.36025696365126186,0.6397430363487382,0.38012848182563097,0.619871518174369,0.07243617413332326,-0.11346181515896425,0.010463002930368918,0.0,840.7750862751794,0.0,1891.743944119154,0,0,100462.80189891887,82672.9187018754
168,2022-03-23,San Antonio Spurs,0.7,Portland Trailblazers,0.3,350.0,-450.0,0.2222222222222222,0.8181818181818182,0.07777777777777778,-0.11818181818181828,0.010000000000000002,0.0,980.5647616445407,0.0,3431.976665755893,0.11541279009456724,0.8845872099054327,0.2077063950472836,0.7922936049527163,-0.0145158271749386,-0.02588821322910196,0.0,0.0,0.0,0.0,0.0,0,-1,99482.23713727435,82672.9187018754
169,2022-03-24,Cleveland Cavaliers,0.27,Toronto Raptors,0.73,-215.0,180.0,0.6825396825396826,0.35714285714285715,0.04746031746031743,-0.08714285714285712,0.014949999999999991,0.0,1487.2594452022504,0.0,691.7485791638376,0.5311945937343852,0.4688054062656149,0.6305972968671926,0.3694027031328074,-0.05194238567248999,0.01225984598995028,0.0,0.001907087153992268,0.0,157.66446123939372,283.7960302309087,1,0,100173.98571643818,82515.25424063602
170,2022-03-24,Chicago Bulls,0.37,New Orleans Pelicans,0.63,-126.0,108.0,0.5575221238938053,0.4807692307692308,0.07247787610619473,-0.1107692307692308,0.016380000000000002,0.0,1629.5190443085535,0.0,1293.2690827845665,0.44513324094063,0.55486675905937,0.537566620470315,0.462433379529685,-0.019955503423490284,-0.018335851239545783,0.0,0.0,0.0,0.0,0.0,1,-1,101467.25479922275,82515.25424063602
171,2022-03-24,Indiana Pacers,0.14,Memphis Grizzlies,0.86,-900.0,610.0,0.9,0.14084507042253522,-0.040000000000000036,-0.0008450704225352046,0.0,0.0,0.0,0.0,0.0,0.9630237053713532,0.03697629462864671,0.9115118526856766,0.08848814731432336,0.01151185268567656,-0.052356923108211856,0.011511852685676576,0.0,951.7184611909056,0.0,105.7464956878784,-1,1,101467.25479922275,82621.0007363239
172,2022-03-24,Washington Wizards,0.1,Milwaukee Bucks,0.9,-950.0,640.0,0.9047619047619048,0.13513513513513514,-0.004761904761904745,-0.03513513513513514,0.0,0.0,0.0,0.0,0.0,0.9863998438945841,0.013600156105415873,0.943199921947292,0.05680007805270794,0.0384380171853872,-0.0783350570824272,0.040359918044656565,0.0,3336.672223320246,0.0,351.2286550863417,-1,1,101467.25479922275,82972.22939141023
173,2022-03-24,Phoenix Suns,0.36,Denver Nuggets,0.64,-176.0,148.0,0.6376811594202898,0.4032258064516129,0.002318840579710213,-0.043225806451612885,0.0006400000000000138,0.0,63.66863176785696,0.0,36.17535895900964,0.5754734988205711,0.4245265011794289,0.6077367494102855,0.3922632505897145,-0.02994441001000425,-0.010962555861898426,0.0,0.0,0.0,0.0,0.0,0,-1,101403.5861674549,82972.22939141023
